Study hrs,Attendence,Previous Marks,Assignment Score,Project Score,Result
2,60,45,50,45,Fail
3,65,50,55,50,Fail
4,70,55,60,58,Fail
5,75,60,65,62,Pass
6,80,65,70,68,Pass
7,85,70,75,72,Pass
8,90,75,80,78,Pass
9,92,80,85,85,Pass
1,55,40,45,40,Fail
3,62,48,60,47,Fail
4,68,53,55,87,Fail
5,72,58,52,54,Pass
6,78,63,68,72,Pass
7,82,68,64,78,Pass
8,88,74,73,85,Pass
9,95,85,79,40,Pass
2,58,43,90,55,Pass
4,66,52,77,47,Fail
5,76,61,54,74,Fail
6,84,67,64,55,Pass
7,87,72,90,76,Pass
8,91,83,83,63,Pass
3,64,54,50,54,Fail
5,73,64,55,61,Pass
